<?xml version="1.0" encoding="utf-8"?>
<!--
  ! CDDL HEADER START
  !
  ! The contents of this file are subject to the terms of the
  ! Common Development and Distribution License, Version 1.0 only
  ! (the "License").  You may not use this file except in compliance
  ! with the License.
  !
  ! You can obtain a copy of the license at
  ! trunk/opends/resource/legal-notices/OpenDS.LICENSE
  ! or https://OpenDS.dev.java.net/OpenDS.LICENSE.
  ! See the License for the specific language governing permissions
  ! and limitations under the License.
  !
  ! When distributing Covered Code, include this CDDL HEADER in each
  ! file and include the License file at
  ! trunk/opends/resource/legal-notices/OpenDS.LICENSE.  If applicable,
  ! add the following below this CDDL HEADER, with the fields enclosed
  ! by brackets "[]" replaced with your own identifying information:
  !      Portions Copyright [yyyy] [name of copyright owner]
  !
  ! CDDL HEADER END
  !
  !
  !      Copyright 2011 ForgeRock AS.
  ! -->
<adm:managed-object name="access-log-filtering-criteria"
  plural-name="access-log-filtering-criteria"
  package="org.opends.server.admin.std"
  xmlns:adm="http://www.opends.org/admin"
  xmlns:ldap="http://www.opends.org/admin-ldap">
  <adm:synopsis>
    A set of rules which together determine whether a log record should be
    logged or not.
  </adm:synopsis>
  <adm:tag name="logging" />
  <adm:profile name="ldap">
    <ldap:object-class>
      <ldap:name>ds-cfg-access-log-filtering-criteria</ldap:name>
      <ldap:superior>top</ldap:superior>
    </ldap:object-class>
  </adm:profile>
  <adm:property name="log-record-type" multi-valued="true">
    <adm:synopsis>
      Filters log records based on their type.
    </adm:synopsis>
    <adm:default-behavior>
      <adm:undefined/>
    </adm:default-behavior>
    <adm:syntax>
      <adm:enumeration>
        <adm:value name="abandon">
          <adm:synopsis>Abandon operations</adm:synopsis>
        </adm:value>
        <adm:value name="add">
          <adm:synopsis>Add operations</adm:synopsis>
        </adm:value>
        <adm:value name="bind">
          <adm:synopsis>Bind operations</adm:synopsis>
        </adm:value>
        <adm:value name="compare">
          <adm:synopsis>Compare operations</adm:synopsis>
        </adm:value>
        <adm:value name="delete">
          <adm:synopsis>Delete operations</adm:synopsis>
        </adm:value>
        <adm:value name="extended">
          <adm:synopsis>Extended operations</adm:synopsis>
        </adm:value>
        <adm:value name="modify">
          <adm:synopsis>Modify operations</adm:synopsis>
        </adm:value>
        <adm:value name="rename">
          <adm:synopsis>Rename operations</adm:synopsis>
        </adm:value>
        <adm:value name="search">
          <adm:synopsis>Search operations</adm:synopsis>
        </adm:value>
        <adm:value name="unbind">
          <adm:synopsis>Unbind operations</adm:synopsis>
        </adm:value>
        <adm:value name="connect">
          <adm:synopsis>Client connections</adm:synopsis>
        </adm:value>
        <adm:value name="disconnect">
          <adm:synopsis>Client disconnections</adm:synopsis>
        </adm:value>
      </adm:enumeration>
    </adm:syntax>
    <adm:profile name="ldap">
      <ldap:attribute>
        <ldap:name>ds-cfg-log-record-type</ldap:name>
      </ldap:attribute>
    </adm:profile>
  </adm:property>
  <adm:property name="connection-client-address-equal-to" multi-valued="true">
    <adm:synopsis>
      Filters log records associated with connections which match at least one
      of the specified client host names or address masks. 
    </adm:synopsis>
    <adm:description>
      Valid values include a host name, a fully qualified domain name, a 
      domain name, an IP address, or a subnetwork with subnetwork mask.
    </adm:description>
    <adm:default-behavior>
      <adm:undefined/>
    </adm:default-behavior>
    <adm:syntax>
      <adm:ip-address-mask />
    </adm:syntax>
    <adm:profile name="ldap">
      <ldap:attribute>
        <ldap:name>ds-cfg-connection-client-address-equal-to</ldap:name>
      </ldap:attribute>
    </adm:profile>
  </adm:property>
  <adm:property name="connection-client-address-not-equal-to" multi-valued="true">
    <adm:synopsis>
      Filters log records associated with connections which do not match any
      of the specified client host names or address masks. 
    </adm:synopsis>
    <adm:description>
      Valid values include a host name, a fully qualified domain name, a 
      domain name, an IP address, or a subnetwork with subnetwork mask.
    </adm:description>
    <adm:default-behavior>
      <adm:undefined/>
    </adm:default-behavior>
    <adm:syntax>
      <adm:ip-address-mask />
    </adm:syntax>
    <adm:profile name="ldap">
      <ldap:attribute>
        <ldap:name>ds-cfg-connection-client-address-not-equal-to</ldap:name>
      </ldap:attribute>
    </adm:profile>
  </adm:property>
  <adm:property name="connection-protocol-equal-to" multi-valued="true">
    <adm:synopsis>
      Filters log records associated with connections which match any
      of the specified protocols. 
    </adm:synopsis>
    <adm:description>
      Typical values include "ldap", "ldaps", or "jmx".
    </adm:description>
    <adm:default-behavior>
      <adm:undefined/>
    </adm:default-behavior>
    <adm:syntax>
      <adm:string>
      <adm:pattern>
        <adm:regex>[a-zA-Z0-9]+</adm:regex>
        <adm:usage>NAME</adm:usage>
        <adm:synopsis>
          The protocol name as reported in the access log.
        </adm:synopsis>
      </adm:pattern>
      </adm:string>
    </adm:syntax>
    <adm:profile name="ldap">
      <ldap:attribute>
        <ldap:name>ds-cfg-connection-protocol-equal-to</ldap:name>
      </ldap:attribute>
    </adm:profile>
  </adm:property>
  <adm:property name="connection-port-equal-to" multi-valued="true">
    <adm:synopsis>
      Filters log records associated with connections to any of the specified
      listener port numbers. 
    </adm:synopsis>
    <adm:default-behavior>
      <adm:undefined/>
    </adm:default-behavior>
    <adm:syntax>
      <adm:integer lower-limit="1" upper-limit="65535" />
    </adm:syntax>
    <adm:profile name="ldap">
      <ldap:attribute>
        <ldap:name>ds-cfg-connection-port-equal-to</ldap:name>
      </ldap:attribute>
    </adm:profile>
  </adm:property>
  <adm:property name="user-dn-equal-to" multi-valued="true">
    <adm:synopsis>
      Filters log records associated with users matching at least one of the
      specified DN patterns.
    </adm:synopsis>
    <adm:description>
      Valid DN filters are strings composed of zero or more wildcards. A double
      wildcard ** replaces one or more RDN components (as in
      uid=dmiller,**,dc=example,dc=com). A simple wildcard * replaces either a
      whole RDN, or a whole type, or a value substring (as in
      uid=bj*,ou=people,dc=example,dc=com).
    </adm:description>
    <adm:default-behavior>
      <adm:undefined/>
    </adm:default-behavior>
    <adm:syntax>
      <adm:string />
    </adm:syntax>
    <adm:profile name="ldap">
      <ldap:attribute>
        <ldap:name>ds-cfg-user-dn-equal-to</ldap:name>
      </ldap:attribute>
    </adm:profile>
  </adm:property>
  <adm:property name="user-dn-not-equal-to" multi-valued="true">
    <adm:synopsis>
      Filters log records associated with users which do not match any of the
      specified DN patterns.
    </adm:synopsis>
    <adm:description>
      Valid DN filters are strings composed of zero or more wildcards. A double
      wildcard ** replaces one or more RDN components (as in
      uid=dmiller,**,dc=example,dc=com). A simple wildcard * replaces either a
      whole RDN, or a whole type, or a value substring (as in
      uid=bj*,ou=people,dc=example,dc=com).
    </adm:description>
    <adm:default-behavior>
      <adm:undefined/>
    </adm:default-behavior>
    <adm:syntax>
      <adm:string />
    </adm:syntax>
    <adm:profile name="ldap">
      <ldap:attribute>
        <ldap:name>ds-cfg-user-dn-not-equal-to</ldap:name>
      </ldap:attribute>
    </adm:profile>
  </adm:property>
  <adm:property name="user-is-member-of" multi-valued="true">
    <adm:synopsis>
      Filters log records associated with users which are members of at least
      one of the specified groups.
    </adm:synopsis>
    <adm:default-behavior>
      <adm:undefined/>
    </adm:default-behavior>
    <adm:syntax>
      <adm:dn />
    </adm:syntax>
    <adm:profile name="ldap">
      <ldap:attribute>
        <ldap:name>ds-cfg-user-is-member-of</ldap:name>
      </ldap:attribute>
    </adm:profile>
  </adm:property>
  <adm:property name="user-is-not-member-of" multi-valued="true">
    <adm:synopsis>
      Filters log records associated with users which are not members of any
      of the specified groups.
    </adm:synopsis>
    <adm:default-behavior>
      <adm:undefined/>
    </adm:default-behavior>
    <adm:syntax>
      <adm:dn />
    </adm:syntax>
    <adm:profile name="ldap">
      <ldap:attribute>
        <ldap:name>ds-cfg-user-is-not-member-of</ldap:name>
      </ldap:attribute>
    </adm:profile>
  </adm:property>
  <adm:property name="request-target-dn-equal-to" multi-valued="true">
    <adm:synopsis>
      Filters operation log records associated with operations which target
      entries matching at least one of the specified DN patterns.
    </adm:synopsis>
    <adm:description>
      Valid DN filters are strings composed of zero or more wildcards. A double
      wildcard ** replaces one or more RDN components (as in
      uid=dmiller,**,dc=example,dc=com). A simple wildcard * replaces either a
      whole RDN, or a whole type, or a value substring (as in
      uid=bj*,ou=people,dc=example,dc=com).
    </adm:description>
    <adm:default-behavior>
      <adm:undefined/>
    </adm:default-behavior>
    <adm:syntax>
      <adm:string />
    </adm:syntax>
    <adm:profile name="ldap">
      <ldap:attribute>
        <ldap:name>ds-cfg-request-target-dn-equal-to</ldap:name>
      </ldap:attribute>
    </adm:profile>
  </adm:property>
  <adm:property name="request-target-dn-not-equal-to" multi-valued="true">
    <adm:synopsis>
      Filters operation log records associated with operations which target
      entries matching none of the specified DN patterns.
    </adm:synopsis>
    <adm:description>
      Valid DN filters are strings composed of zero or more wildcards. A double
      wildcard ** replaces one or more RDN components (as in
      uid=dmiller,**,dc=example,dc=com). A simple wildcard * replaces either a
      whole RDN, or a whole type, or a value substring (as in
      uid=bj*,ou=people,dc=example,dc=com).
    </adm:description>
    <adm:default-behavior>
      <adm:undefined/>
    </adm:default-behavior>
    <adm:syntax>
      <adm:string />
    </adm:syntax>
    <adm:profile name="ldap">
      <ldap:attribute>
        <ldap:name>ds-cfg-request-target-dn-not-equal-to</ldap:name>
      </ldap:attribute>
    </adm:profile>
  </adm:property>
  <adm:property name="response-result-code-equal-to" multi-valued="true">
    <adm:synopsis>
      Filters operation response log records associated with operations which
      include any of the specified result codes.
    </adm:synopsis>
    <adm:description>
      It is recommended to only use this criteria in conjunction with the
      "combined" output mode of the access logger, since this filter criteria
      is only applied to response log messages.
    </adm:description>
    <adm:default-behavior>
      <adm:undefined/>
    </adm:default-behavior>
    <adm:syntax>
      <adm:integer />
    </adm:syntax>
    <adm:profile name="ldap">
      <ldap:attribute>
        <ldap:name>ds-cfg-response-result-code-equal-to</ldap:name>
      </ldap:attribute>
    </adm:profile>
  </adm:property>
  <adm:property name="response-result-code-not-equal-to" multi-valued="true">
    <adm:synopsis>
      Filters operation response log records associated with operations which
      do not include any of the specified result codes.
    </adm:synopsis>
    <adm:description>
      It is recommended to only use this criteria in conjunction with the
      "combined" output mode of the access logger, since this filter criteria
      is only applied to response log messages.
    </adm:description>
    <adm:default-behavior>
      <adm:undefined/>
    </adm:default-behavior>
    <adm:syntax>
      <adm:integer />
    </adm:syntax>
    <adm:profile name="ldap">
      <ldap:attribute>
        <ldap:name>ds-cfg-response-result-code-not-equal-to</ldap:name>
      </ldap:attribute>
    </adm:profile>
  </adm:property>
  <adm:property name="response-etime-greater-than">
    <adm:synopsis>
      Filters operation response log records associated with operations which
      took longer than the specified number of milli-seconds to complete.
    </adm:synopsis>
    <adm:description>
      It is recommended to only use this criteria in conjunction with the
      "combined" output mode of the access logger, since this filter criteria
      is only applied to response log messages.
    </adm:description>
    <adm:default-behavior>
      <adm:undefined/>
    </adm:default-behavior>
    <adm:syntax>
      <adm:integer>
        <adm:unit-synopsis>milli-seconds</adm:unit-synopsis>
      </adm:integer>
    </adm:syntax>
    <adm:profile name="ldap">
      <ldap:attribute>
        <ldap:name>ds-cfg-response-etime-greater-than</ldap:name>
      </ldap:attribute>
    </adm:profile>
  </adm:property>
  <adm:property name="response-etime-less-than">
    <adm:synopsis>
      Filters operation response log records associated with operations which
      took less than the specified number of milli-seconds to complete.
    </adm:synopsis>
    <adm:description>
      It is recommended to only use this criteria in conjunction with the
      "combined" output mode of the access logger, since this filter criteria
      is only applied to response log messages.
    </adm:description>
    <adm:default-behavior>
      <adm:undefined/>
    </adm:default-behavior>
    <adm:syntax>
      <adm:integer>
        <adm:unit-synopsis>milli-seconds</adm:unit-synopsis>
      </adm:integer>
    </adm:syntax>
    <adm:profile name="ldap">
      <ldap:attribute>
        <ldap:name>ds-cfg-response-etime-less-than</ldap:name>
      </ldap:attribute>
    </adm:profile>
  </adm:property>
  <adm:property name="search-response-nentries-greater-than">
    <adm:synopsis>
      Filters search operation response log records associated with searches
      which returned more than the specified number of entries.
    </adm:synopsis>
    <adm:description>
      It is recommended to only use this criteria in conjunction with the
      "combined" output mode of the access logger, since this filter criteria
      is only applied to response log messages.
    </adm:description>
    <adm:default-behavior>
      <adm:undefined/>
    </adm:default-behavior>
    <adm:syntax>
      <adm:integer>
        <adm:unit-synopsis>entries</adm:unit-synopsis>
      </adm:integer>
    </adm:syntax>
    <adm:profile name="ldap">
      <ldap:attribute>
        <ldap:name>ds-cfg-search-response-nentries-greater-than</ldap:name>
      </ldap:attribute>
    </adm:profile>
  </adm:property>
  <adm:property name="search-response-nentries-less-than">
    <adm:synopsis>
      Filters search operation response log records associated with searches
      which returned less than the specified number of entries.
    </adm:synopsis>
    <adm:description>
      It is recommended to only use this criteria in conjunction with the
      "combined" output mode of the access logger, since this filter criteria
      is only applied to response log messages.
    </adm:description>
    <adm:default-behavior>
      <adm:undefined/>
    </adm:default-behavior>
    <adm:syntax>
      <adm:integer>
        <adm:unit-synopsis>entries</adm:unit-synopsis>
      </adm:integer>
    </adm:syntax>
    <adm:profile name="ldap">
      <ldap:attribute>
        <ldap:name>ds-cfg-search-response-nentries-less-than</ldap:name>
      </ldap:attribute>
    </adm:profile>
  </adm:property>
  <adm:property name="search-response-is-indexed">
    <adm:synopsis>
      Filters search operation response log records associated with searches
      which were either indexed or unindexed.
    </adm:synopsis>
    <adm:description>
      It is recommended to only use this criteria in conjunction with the
      "combined" output mode of the access logger, since this filter criteria
      is only applied to response log messages.
    </adm:description>
    <adm:default-behavior>
      <adm:undefined/>
    </adm:default-behavior>
    <adm:syntax>
      <adm:boolean/>
    </adm:syntax>
    <adm:profile name="ldap">
      <ldap:attribute>
        <ldap:name>ds-cfg-search-response-is-indexed</ldap:name>
      </ldap:attribute>
    </adm:profile>
  </adm:property>
</adm:managed-object>
