<?xml version="1.0" encoding="UTF-8"?>
<!--
  ! CDDL HEADER START
  !
  ! The contents of this file are subject to the terms of the
  ! Common Development and Distribution License, Version 1.0 only
  ! (the "License").  You may not use this file except in compliance
  ! with the License.
  !
  ! You can obtain a copy of the license at
  ! trunk/opends/resource/legal-notices/OpenDS.LICENSE
  ! or https://OpenDS.dev.java.net/OpenDS.LICENSE.
  ! See the License for the specific language governing permissions
  ! and limitations under the License.
  !
  ! When distributing Covered Code, include this CDDL HEADER in each
  ! file and include the License file at
  ! trunk/opends/resource/legal-notices/OpenDS.LICENSE.  If applicable,
  ! add the following below this CDDL HEADER, with the fields enclosed
  ! by brackets "[]" replaced with your own identifying information:
  !      Portions Copyright [yyyy] [name of copyright owner]
  !
  ! CDDL HEADER END
  !
  !
  !      Copyright 2007-2008 Sun Microsystems, Inc.
  !      Portions Copyright 2012 ForgeRock, AS.
  ! -->
<adm:managed-object name="attribute-value-password-validator"
  plural-name="attribute-value-password-validators"
  package="org.opends.server.admin.std" extends="password-validator"
  xmlns:adm="http://www.opends.org/admin"
  xmlns:ldap="http://www.opends.org/admin-ldap">
  <adm:synopsis>
    The
    <adm:user-friendly-name />
    attempts to determine whether a proposed password is acceptable 
    for use by determining whether that password is contained in any 
    attribute within the user's entry. 
  </adm:synopsis>
  <adm:description>
    It can be configured to look 
    in all attributes or in a specified subset of attributes.
  </adm:description>
  <adm:profile name="ldap">
    <ldap:object-class>
      <ldap:name>ds-cfg-attribute-value-password-validator</ldap:name>
      <ldap:superior>ds-cfg-password-validator</ldap:superior>
    </ldap:object-class>
  </adm:profile>
  <adm:property-override name="java-class" advanced="true">
    <adm:default-behavior>
      <adm:defined>
        <adm:value>
          org.opends.server.extensions.AttributeValuePasswordValidator
        </adm:value>
      </adm:defined>
    </adm:default-behavior>
  </adm:property-override>
  <adm:property name="match-attribute" multi-valued="true" >
    <adm:synopsis>
      Specifies the name(s) of the attribute(s) whose values should be
      checked to determine whether they match the provided password.
      If no values are provided, then the server checks if the proposed 
      password matches the value of any attribute in the user's entry.
    </adm:synopsis>
    <adm:default-behavior>
      <adm:alias>
        <adm:synopsis>
          All attributes in the user entry will be checked.
        </adm:synopsis>
      </adm:alias>
    </adm:default-behavior>
    <adm:syntax>
      <adm:attribute-type />
    </adm:syntax>
    <adm:profile name="ldap">
      <ldap:attribute>
        <ldap:name>ds-cfg-match-attribute</ldap:name>
      </ldap:attribute>
    </adm:profile>
  </adm:property>
  <adm:property name="check-substrings" mandatory="false">
    <adm:synopsis>
      Indicates whether this password validator is to match portions of
      the password string against attribute values.
    </adm:synopsis>
    <adm:description>
      If "false" then only match the entire password against attribute values
      otherwise ("true") check whether the password contains attribute values. 
    </adm:description>
    <adm:default-behavior>
      <adm:defined>
        <adm:value>true</adm:value>
      </adm:defined>
    </adm:default-behavior>
    <adm:syntax>
      <adm:boolean />
    </adm:syntax>
    <adm:profile name="ldap">
      <ldap:attribute>
        <ldap:name>ds-cfg-check-substrings</ldap:name>
      </ldap:attribute>
    </adm:profile>
  </adm:property>
  <adm:property name="min-substring-length" mandatory="false">
    <adm:synopsis>
      Indicates the minimal length of the substring within the password
      in case substring checking is enabled.
    </adm:synopsis>
    <adm:description>
      If "check-substrings" option is set to true, then this parameter
      defines the length of the smallest word which should be used for
      substring matching. Use with caution because values below 3 might
      disqualify valid passwords.
    </adm:description>
    <adm:default-behavior>
      <adm:defined>
        <adm:value>5</adm:value>
      </adm:defined>
    </adm:default-behavior>
    <adm:syntax>
      <adm:integer />
    </adm:syntax>
    <adm:profile name="ldap">
      <ldap:attribute>
        <ldap:name>ds-cfg-min-substring-length</ldap:name>
      </ldap:attribute>
    </adm:profile>
  </adm:property>
  <adm:property name="test-reversed-password" mandatory="true">
    <adm:synopsis>
      Indicates whether this password validator should test the reversed
      value of the provided password as well as the order in which it
      was given.
    </adm:synopsis>
    <adm:syntax>
      <adm:boolean />
    </adm:syntax>
    <adm:profile name="ldap">
      <ldap:attribute>
        <ldap:name>ds-cfg-test-reversed-password</ldap:name>
      </ldap:attribute>
    </adm:profile>
  </adm:property>
</adm:managed-object>
