<?xml version="1.0" encoding="UTF-8"?>
<!--
  ! CDDL HEADER START
  !
  ! The contents of this file are subject to the terms of the
  ! Common Development and Distribution License, Version 1.0 only
  ! (the "License").  You may not use this file except in compliance
  ! with the License.
  !
  ! You can obtain a copy of the license at
  ! trunk/opends/resource/legal-notices/OpenDS.LICENSE
  ! or https://OpenDS.dev.java.net/OpenDS.LICENSE.
  ! See the License for the specific language governing permissions
  ! and limitations under the License.
  !
  ! When distributing Covered Code, include this CDDL HEADER in each
  ! file and include the License file at
  ! trunk/opends/resource/legal-notices/OpenDS.LICENSE.  If applicable,
  ! add the following below this CDDL HEADER, with the fields enclosed
  ! by brackets "[]" replaced with your own identifying information:
  !      Portions Copyright [yyyy] [name of copyright owner]
  !
  ! CDDL HEADER END
  !
  !
  !      Copyright 2007-2008 Sun Microsystems, Inc.
  ! -->
<adm:managed-object name="backend" plural-name="backends"
  package="org.opends.server.admin.std"
  xmlns:adm="http://www.opends.org/admin"
  xmlns:ldap="http://www.opends.org/admin-ldap"
  xmlns:cli="http://www.opends.org/admin-cli">
  <adm:synopsis>
    <adm:user-friendly-plural-name />
    are responsible for providing access to the underlying data
    presented by the server.
  </adm:synopsis>
  <adm:description>
    The data may be stored locally in an embedded database,
    remotely in an external system, or generated on the fly
    (for example, calculated from other information that is available).
  </adm:description>
  <adm:tag name="database" />
  <adm:profile name="ldap">
    <ldap:object-class>
      <ldap:name>ds-cfg-backend</ldap:name>
      <ldap:superior>top</ldap:superior>
    </ldap:object-class>
  </adm:profile>
  <adm:profile name="cli">
    <cli:managed-object custom="true" />
  </adm:profile>
  <adm:property name="enabled" mandatory="true">
    <adm:synopsis>
      Indicates whether the backend is enabled in the server.
    </adm:synopsis>
    <adm:description>
      If a backend is not enabled, then its contents are not 
      accessible when processing operations.
    </adm:description>
    <adm:syntax>
      <adm:boolean />
    </adm:syntax>
    <adm:profile name="ldap">
      <ldap:attribute>
        <ldap:name>ds-cfg-enabled</ldap:name>
      </ldap:attribute>
    </adm:profile>
  </adm:property>
  <adm:property name="java-class" mandatory="true">
    <adm:synopsis>
      Specifies the fully-qualified name of the Java class that provides the
      backend implementation.
    </adm:synopsis>
    <adm:requires-admin-action>
      <adm:component-restart />
    </adm:requires-admin-action>
    <adm:syntax>
      <adm:java-class>
        <adm:instance-of>org.opends.server.api.Backend</adm:instance-of>
      </adm:java-class>
    </adm:syntax>
    <adm:profile name="ldap">
      <ldap:attribute>
        <ldap:name>ds-cfg-java-class</ldap:name>
      </ldap:attribute>
    </adm:profile>
  </adm:property>
  <adm:property name="backend-id" mandatory="true" read-only="true">
    <adm:synopsis>
      Specifies a name to identify the associated backend.
    </adm:synopsis>
    <adm:description>
      The name must be unique among all backends in the server. The backend ID may 
      not be altered after the backend is created in the server.
    </adm:description>
    <adm:syntax>
      <adm:string />
    </adm:syntax>
    <adm:profile name="ldap">
      <ldap:attribute>
        <ldap:name>ds-cfg-backend-id</ldap:name>
      </ldap:attribute>
    </adm:profile>
  </adm:property>
  <adm:property name="writability-mode" mandatory="true">
    <adm:synopsis>
      Specifies the behavior that the backend should use when processing
      write operations.
    </adm:synopsis>
    <adm:syntax>
      <adm:enumeration>
        <adm:value name="enabled">
          <adm:synopsis>
            Allows write operations to be performed in that backend (if
            the requested operation is valid, the user has permission to
            perform the operation, the backend supports that type of
            write operation, and the global writability-mode property is
            also enabled).
          </adm:synopsis>
        </adm:value>
        <adm:value name="disabled">
          <adm:synopsis>
            Causes all write attempts to fail.
          </adm:synopsis>
        </adm:value>
        <adm:value name="internal-only">
          <adm:synopsis>
            Causes external write attempts to fail but allows writes by
            replication and internal operations.
          </adm:synopsis>
        </adm:value>
      </adm:enumeration>
    </adm:syntax>
    <adm:profile name="ldap">
      <ldap:attribute>
        <ldap:name>ds-cfg-writability-mode</ldap:name>
      </ldap:attribute>
    </adm:profile>
  </adm:property>
  <adm:property name="base-dn" mandatory="true" multi-valued="true">
    <adm:synopsis>
      Specifies the base DN(s) for the data that the backend handles.
    </adm:synopsis>
    <adm:description>
      A single backend may be responsible for one or more base DNs. Note
      that no two backends may have the same base DN although one
      backend may have a base DN that is below a base DN provided by
      another backend (similar to the use of sub-suffixes in the Sun
      Java System Directory Server). If any of the base DNs is
      subordinate to a base DN for another backend, then all base DNs
      for that backend must be subordinate to that same base DN.
    </adm:description>
    <adm:requires-admin-action>
      <adm:none>
        <adm:synopsis>
          No administrative action is required by default although some
          action may be required on a per-backend basis before the new
          base DN may be used.
        </adm:synopsis>
      </adm:none>
    </adm:requires-admin-action>
    <adm:syntax>
      <adm:dn />
    </adm:syntax>
    <adm:profile name="ldap">
      <ldap:attribute>
        <ldap:name>ds-cfg-base-dn</ldap:name>
      </ldap:attribute>
    </adm:profile>
  </adm:property>
</adm:managed-object>
