<?xml version="1.0" encoding="utf-8"?>
<!--
  ! CDDL HEADER START
  !
  ! The contents of this file are subject to the terms of the
  ! Common Development and Distribution License, Version 1.0 only
  ! (the "License").  You may not use this file except in compliance
  ! with the License.
  !
  ! You can obtain a copy of the license at
  ! trunk/opends/resource/legal-notices/OpenDS.LICENSE
  ! or https://OpenDS.dev.java.net/OpenDS.LICENSE.
  ! See the License for the specific language governing permissions
  ! and limitations under the License.
  !
  ! When distributing Covered Code, include this CDDL HEADER in each
  ! file and include the License file at
  ! trunk/opends/resource/legal-notices/OpenDS.LICENSE.  If applicable,
  ! add the following below this CDDL HEADER, with the fields enclosed
  ! by brackets "[]" replaced with your own identifying information:
  !      Portions Copyright [yyyy] [name of copyright owner]
  !
  ! CDDL HEADER END
  !
  !
  !      Copyright 2009 Sun Microsystems, Inc.
  !      Portions copyright 2011 ForgeRock AS
  ! -->
<adm:managed-object name="external-changelog-domain"
  plural-name="external-changelog-domains"
  package="org.opends.server.admin.std"
  xmlns:adm="http://www.opends.org/admin"
  xmlns:ldap="http://www.opends.org/admin-ldap"
  xmlns:cli="http://www.opends.org/admin-cli">
  <adm:synopsis>
    The
    <adm:user-friendly-name />
    provides configuration of the external changelog for the replication domain.
  </adm:synopsis>
  <adm:profile name="ldap">
    <ldap:object-class>
      <ldap:name>ds-cfg-external-changelog-domain</ldap:name>
      <ldap:superior>top</ldap:superior>
    </ldap:object-class>
  </adm:profile>
  <adm:property name="enabled" mandatory="true">
    <adm:synopsis>
      Indicates whether the
      <adm:user-friendly-name />
      is enabled.
    </adm:synopsis>
    <adm:syntax>
      <adm:boolean />
    </adm:syntax>
    <adm:profile name="ldap">
      <ldap:attribute>
        <ldap:name>ds-cfg-enabled</ldap:name>
      </ldap:attribute>
    </adm:profile>
  </adm:property>
  <adm:property name="ecl-include" multi-valued="true" mandatory="false">
    <adm:synopsis>
      Specifies a list of attributes which should be published with every
      change log entry, regardless of whether or not the attribute itself
      has changed.
    </adm:synopsis>
    <adm:description>
      The list of attributes may include wild cards such as "*" and "+" as
      well as object class references prefixed with an ampersand, for
      example "@person".
      The included attributes will be published using the "includedAttributes"
      operational attribute as a single LDIF value rather like the
      "changes" attribute. For modify and modifyDN operations the included
      attributes will be taken from the entry before any changes were applied.
    </adm:description>
    <adm:default-behavior>
      <adm:undefined/>
    </adm:default-behavior>
    <adm:syntax>
      <!--  FIXME: can we constrain this with a regex? -->
      <adm:string />
    </adm:syntax>
    <adm:profile name="ldap">
      <ldap:attribute>
        <ldap:name>ds-cfg-ecl-include</ldap:name>
      </ldap:attribute>
    </adm:profile>
  </adm:property>
  <adm:property name="ecl-include-for-deletes" multi-valued="true" mandatory="false">
    <adm:synopsis>
      Specifies a list of attributes which should be published with every
      delete operation change log entry, in addition to those specified by the
      "ecl-include" property.
    </adm:synopsis>
    <adm:description>
      This property provides a means for applications to archive entries after
      they have been deleted. See the description of the "ecl-include" property
      for further information about how the included attributes are published.
    </adm:description>
    <adm:default-behavior>
      <adm:undefined/>
    </adm:default-behavior>
    <adm:syntax>
      <!--  FIXME: can we constrain this with a regex? -->
      <adm:string />
    </adm:syntax>
    <adm:profile name="ldap">
      <ldap:attribute>
        <ldap:name>ds-cfg-ecl-include-for-deletes</ldap:name>
      </ldap:attribute>
    </adm:profile>
  </adm:property>
</adm:managed-object>
