<?xml version="1.0" encoding="utf-8"?>
<!--
  ! CDDL HEADER START
  !
  ! The contents of this file are subject to the terms of the
  ! Common Development and Distribution License, Version 1.0 only
  ! (the "License").  You may not use this file except in compliance
  ! with the License.
  !
  ! You can obtain a copy of the license at
  ! trunk/opends/resource/legal-notices/OpenDS.LICENSE
  ! or https://OpenDS.dev.java.net/OpenDS.LICENSE.
  ! See the License for the specific language governing permissions
  ! and limitations under the License.
  !
  ! When distributing Covered Code, include this CDDL HEADER in each
  ! file and include the License file at
  ! trunk/opends/resource/legal-notices/OpenDS.LICENSE.  If applicable,
  ! add the following below this CDDL HEADER, with the fields enclosed
  ! by brackets "[]" replaced with your own identifying information:
  !      Portions Copyright [yyyy] [name of copyright owner]
  !
  ! CDDL HEADER END
  !
  !
  !      Copyright 2007-2009 Sun Microsystems, Inc.
  ! -->
<adm:managed-object name="jmx-connection-handler"
  plural-name="jmx-connection-handlers"
  package="org.opends.server.admin.std" extends="connection-handler"
  xmlns:adm="http://www.opends.org/admin"
  xmlns:ldap="http://www.opends.org/admin-ldap">
  <adm:synopsis>
    The
    <adm:user-friendly-name />
    is used to interact with clients using the Java Management
    Extensions (JMX) protocol.
  </adm:synopsis>
  <adm:constraint>
    <adm:synopsis>
      A Key Manager Provider must be specified when this
      <adm:user-friendly-name />
      is enabled and it is configured to use SSL.
    </adm:synopsis>
    <adm:condition>
      <adm:implies>
        <adm:contains property="enabled" value="true" />
        <adm:implies>
          <adm:contains property="use-ssl" value="true" />
          <adm:is-present property="key-manager-provider" />
        </adm:implies>
      </adm:implies>
    </adm:condition>
  </adm:constraint>
  <adm:profile name="ldap">
    <ldap:object-class>
      <ldap:name>ds-cfg-jmx-connection-handler</ldap:name>
      <ldap:superior>ds-cfg-connection-handler</ldap:superior>
    </ldap:object-class>
  </adm:profile>
  <adm:property-override name="java-class" advanced="true">
    <adm:default-behavior>
      <adm:defined>
        <adm:value>
          org.opends.server.protocols.jmx.JmxConnectionHandler
        </adm:value>
      </adm:defined>
    </adm:default-behavior>
  </adm:property-override>
     <adm:property name="listen-address" multi-valued="true" read-only="true">
    <adm:synopsis>
      Specifies the address or set of addresses on which this
      <adm:user-friendly-name />
      should listen for connections from SNMP clients.
    </adm:synopsis>
    <adm:description>
      Multiple addresses may be provided as separate values for this
      attribute. If no values are provided, then the
      <adm:user-friendly-name />
      listens on all interfaces.
    </adm:description>
    <adm:requires-admin-action>
      <adm:server-restart />
    </adm:requires-admin-action>
    <adm:default-behavior>
      <adm:defined>
        <adm:value>0.0.0.0</adm:value>
      </adm:defined>
    </adm:default-behavior>
    <adm:syntax>
      <adm:ip-address />
    </adm:syntax>
    <adm:profile name="ldap">
      <ldap:attribute>
        <ldap:name>ds-cfg-listen-address</ldap:name>
      </ldap:attribute>
    </adm:profile>
  </adm:property>
  <adm:property-reference name="listen-port" />
  <adm:property-reference name="use-ssl" />
  <adm:property-reference name="ssl-cert-nickname" />
  <adm:property name="key-manager-provider">
    <adm:synopsis>
      Specifies the name of the key manager that should be used with
      this
      <adm:user-friendly-name />
      .
    </adm:synopsis>
    <adm:requires-admin-action>
      <adm:none>
        <adm:synopsis>
          Changes to this property take effect immediately, but
          only for subsequent attempts to access the key manager
          provider for associated client connections.
        </adm:synopsis>
      </adm:none>
    </adm:requires-admin-action>
    <adm:default-behavior>
      <adm:undefined />
    </adm:default-behavior>
    <adm:syntax>
      <adm:aggregation relation-name="key-manager-provider"
        parent-path="/">
        <adm:constraint>
          <adm:synopsis>
            The referenced key manager provider must be enabled when
            the
            <adm:user-friendly-name />
            is enabled and configured to use SSL.
          </adm:synopsis>
          <adm:target-needs-enabling-condition>
            <adm:and>
              <adm:contains property="enabled" value="true" />
              <adm:contains property="use-ssl" value="true" />
            </adm:and>
          </adm:target-needs-enabling-condition>
          <adm:target-is-enabled-condition>
            <adm:contains property="enabled" value="true" />
          </adm:target-is-enabled-condition>
        </adm:constraint>
      </adm:aggregation>
    </adm:syntax>
    <adm:profile name="ldap">
      <ldap:attribute>
        <ldap:name>ds-cfg-key-manager-provider</ldap:name>
      </ldap:attribute>
    </adm:profile>
  </adm:property>
</adm:managed-object>
