<?xml version="1.0" encoding="UTF-8"?>
<!--
  ! CDDL HEADER START
  !
  ! The contents of this file are subject to the terms of the
  ! Common Development and Distribution License, Version 1.0 only
  ! (the "License").  You may not use this file except in compliance
  ! with the License.
  !
  ! You can obtain a copy of the license at
  ! trunk/opends/resource/legal-notices/OpenDS.LICENSE
  ! or https://OpenDS.dev.java.net/OpenDS.LICENSE.
  ! See the License for the specific language governing permissions
  ! and limitations under the License.
  !
  ! When distributing Covered Code, include this CDDL HEADER in each
  ! file and include the License file at
  ! trunk/opends/resource/legal-notices/OpenDS.LICENSE.  If applicable,
  ! add the following below this CDDL HEADER, with the fields enclosed
  ! by brackets "[]" replaced with your own identifying information:
  !      Portions Copyright [yyyy] [name of copyright owner]
  !
  ! CDDL HEADER END
  !
  !
  !      Copyright 2007-2008 Sun Microsystems, Inc.
  ! -->
<adm:managed-object name="length-based-password-validator"
  plural-name="length-based-password-validators"
  package="org.opends.server.admin.std" extends="password-validator"
  xmlns:adm="http://www.opends.org/admin"
  xmlns:ldap="http://www.opends.org/admin-ldap">
  <adm:TODO>
    Use constraints to enforce max-password-length >=
    min-password-length
  </adm:TODO>
  <adm:synopsis>
    The
    <adm:user-friendly-name />
    is used to determine whether a proposed password is acceptable based
    on whether the number of characters it contains falls within an
    acceptable range of values. 
  </adm:synopsis>
  <adm:description>
    Both upper and lower bounds may be 
    defined.
  </adm:description>
  <adm:profile name="ldap">
    <ldap:object-class>
      <ldap:name>ds-cfg-length-based-password-validator</ldap:name>
      <ldap:superior>ds-cfg-password-validator</ldap:superior>
    </ldap:object-class>
  </adm:profile>
  <adm:property-override name="java-class" advanced="true">
    <adm:default-behavior>
      <adm:defined>
        <adm:value>
          org.opends.server.extensions.LengthBasedPasswordValidator
        </adm:value>
      </adm:defined>
    </adm:default-behavior>
  </adm:property-override>
  <adm:property name="max-password-length">
    <adm:synopsis>
      Specifies the maximum number of characters that can be included in
      a proposed password. 
    </adm:synopsis>
    <adm:description>
      A value of zero indicates that there will be no upper bound
      enforced. If both minimum and maximum lengths 
      are defined, then the minimum length must be less than or equal to 
      the maximum length.
    </adm:description>
    <adm:default-behavior>
      <adm:defined>
        <adm:value>0</adm:value>
      </adm:defined>
    </adm:default-behavior>
    <adm:syntax>
      <adm:integer lower-limit="0" upper-limit="2147483647"/>
    </adm:syntax>
    <adm:profile name="ldap">
      <ldap:attribute>
        <ldap:name>ds-cfg-max-password-length</ldap:name>
      </ldap:attribute>
    </adm:profile>
  </adm:property>
  <adm:property name="min-password-length">
    <adm:synopsis>
      Specifies the minimum number of characters that must be included
      in a proposed password. 
    </adm:synopsis>
    <adm:description>
      A value of zero indicates that there will be no lower bound
      enforced. 
      If both minimum and maximum lengths 
      are defined, then the minimum length must be less than or equal to 
      the maximum length.
    </adm:description>
    <adm:default-behavior>
      <adm:defined>
        <adm:value>6</adm:value>
      </adm:defined>
    </adm:default-behavior>
    <adm:syntax>
      <adm:integer lower-limit="0" upper-limit="2147483647"/>
    </adm:syntax>
    <adm:profile name="ldap">
      <ldap:attribute>
        <ldap:name>ds-cfg-min-password-length</ldap:name>
      </ldap:attribute>
    </adm:profile>
  </adm:property>
</adm:managed-object>
