<?xml version="1.0" encoding="utf-8"?>
<!--
  ! CDDL HEADER START
  !
  ! The contents of this file are subject to the terms of the
  ! Common Development and Distribution License, Version 1.0 only
  ! (the "License").  You may not use this file except in compliance
  ! with the License.
  !
  ! You can obtain a copy of the license at
  ! trunk/opends/resource/legal-notices/OpenDS.LICENSE
  ! or https://OpenDS.dev.java.net/OpenDS.LICENSE.
  ! See the License for the specific language governing permissions
  ! and limitations under the License.
  !
  ! When distributing Covered Code, include this CDDL HEADER in each
  ! file and include the License file at
  ! trunk/opends/resource/legal-notices/OpenDS.LICENSE.  If applicable,
  ! add the following below this CDDL HEADER, with the fields enclosed
  ! by brackets "[]" replaced with your own identifying information:
  !      Portions Copyright [yyyy] [name of copyright owner]
  !
  ! CDDL HEADER END
  !
  !
  !      Copyright 2007-2008 Sun Microsystems, Inc.
  !      Portions copyright 2013 ForgeRock AS
  ! -->
<adm:managed-object name="log-publisher" plural-name="log-publishers"
  package="org.opends.server.admin.std" abstract="true"
  xmlns:adm="http://www.opends.org/admin"
  xmlns:ldap="http://www.opends.org/admin-ldap">
  <adm:synopsis>
    <adm:user-friendly-plural-name />
    are responsible for distributing log messages from different loggers
    to a destination.
  </adm:synopsis>
  <adm:tag name="logging" />
  <adm:profile name="ldap">
    <ldap:object-class>
      <ldap:name>ds-cfg-log-publisher</ldap:name>
      <ldap:superior>top</ldap:superior>
    </ldap:object-class>
  </adm:profile>
  <adm:property name="enabled" mandatory="true">
    <adm:synopsis>
      Indicates whether the
      <adm:user-friendly-name />
      is enabled for use.
    </adm:synopsis>
    <adm:syntax>
      <adm:boolean />
    </adm:syntax>
    <adm:profile name="ldap">
      <ldap:attribute>
        <ldap:name>ds-cfg-enabled</ldap:name>
      </ldap:attribute>
    </adm:profile>
  </adm:property>
  <adm:property name="java-class" mandatory="true">
    <adm:synopsis>
      The fully-qualified name of the Java class that provides the
      <adm:user-friendly-name />
      implementation.
    </adm:synopsis>
    <adm:syntax>
      <adm:java-class>
        <adm:instance-of>
          org.opends.server.api.LogPublisher
        </adm:instance-of>
      </adm:java-class>
    </adm:syntax>
    <adm:profile name="ldap">
      <ldap:attribute>
        <ldap:name>ds-cfg-java-class</ldap:name>
      </ldap:attribute>
    </adm:profile>
  </adm:property>
</adm:managed-object>
