<?xml version="1.0" encoding="UTF-8"?>
<!--
  ! CDDL HEADER START
  !
  ! The contents of this file are subject to the terms of the
  ! Common Development and Distribution License, Version 1.0 only
  ! (the "License").  You may not use this file except in compliance
  ! with the License.
  !
  ! You can obtain a copy of the license at
  ! trunk/opends/resource/legal-notices/OpenDS.LICENSE
  ! or https://OpenDS.dev.java.net/OpenDS.LICENSE.
  ! See the License for the specific language governing permissions
  ! and limitations under the License.
  !
  ! When distributing Covered Code, include this CDDL HEADER in each
  ! file and include the License file at
  ! trunk/opends/resource/legal-notices/OpenDS.LICENSE.  If applicable,
  ! add the following below this CDDL HEADER, with the fields enclosed
  ! by brackets "[]" replaced with your own identifying information:
  !      Portions Copyright [yyyy] [name of copyright owner]
  !
  ! CDDL HEADER END
  !
  !
  !      Copyright 2007-2008 Sun Microsystems, Inc.
  ! -->
<adm:managed-object name="random-password-generator"
  plural-name="random-password-generators"
  package="org.opends.server.admin.std" extends="password-generator"
  xmlns:adm="http://www.opends.org/admin"
  xmlns:ldap="http://www.opends.org/admin-ldap">
  <adm:synopsis>
    The
    <adm:user-friendly-name />
    creates random passwords based on fixed-length strings
    built from one or more character sets.
  </adm:synopsis>
  <adm:profile name="ldap">
    <ldap:object-class>
      <ldap:name>ds-cfg-random-password-generator</ldap:name>
      <ldap:superior>ds-cfg-password-generator</ldap:superior>
    </ldap:object-class>
  </adm:profile>
  <adm:property-override name="java-class" advanced="true">
    <adm:default-behavior>
      <adm:defined>
        <adm:value>
          org.opends.server.extensions.RandomPasswordGenerator
        </adm:value>
      </adm:defined>
    </adm:default-behavior>
  </adm:property-override>
  <adm:property name="password-character-set" mandatory="true"
    multi-valued="true">
    <adm:synopsis>
      Specifies one or more named character sets.
    </adm:synopsis>
    <adm:description>
      This is a multi-valued property, with each value defining a different 
      character set. The format of the character set is the name of the set 
      followed by a colon and the characters that are in that set. 
      For example, the value "alpha:abcdefghijklmnopqrstuvwxyz" defines a
      character set named "alpha" containing all of the lower-case ASCII
      alphabetic characters.
    </adm:description>
    <adm:syntax>
      <adm:string>
        <adm:pattern>
          <adm:regex>.*</adm:regex>
          <adm:usage>FORMAT</adm:usage>
          <adm:synopsis>
            A character set name (consisting of ASCII letters) followed by 
            a colon and the set of characters that are included in that 
            character set.
          </adm:synopsis>
        </adm:pattern>
      </adm:string>
    </adm:syntax> 
    <adm:profile name="ldap">
      <ldap:attribute>
        <ldap:name>ds-cfg-password-character-set</ldap:name>
      </ldap:attribute>
    </adm:profile>
  </adm:property>
  <adm:property name="password-format" mandatory="true">
    <adm:synopsis>
      Specifies the format to use for the generated password.
    </adm:synopsis>
    <adm:description>
      The value is a comma-delimited list of elements in which each of those
      elements is comprised of the name of a character set defined in
      the password-character-set property, a colon, and the number of
      characters to include from that set. For example, a value of
      "alpha:3,numeric:2,alpha:3" generates an 8-character password
      in which the first three characters are from the "alpha" set, the
      next two are from the "numeric" set, and the final three are from
      the "alpha" set.
    </adm:description>
    <adm:syntax>
      <adm:string>
        <adm:pattern>
          <adm:regex>.*</adm:regex>
          <adm:usage>FORMAT</adm:usage>
          <adm:synopsis>
            A comma-delimited list whose elements comprise a valid character 
            set name, a colon, and a positive integer indicating the number 
            of characters from that set to be included.
          </adm:synopsis>
        </adm:pattern>
      </adm:string>
    </adm:syntax> 
    <adm:profile name="ldap">
      <ldap:attribute>
        <ldap:name>ds-cfg-password-format</ldap:name>
      </ldap:attribute>
    </adm:profile>
  </adm:property>
</adm:managed-object>
