<?xml version="1.0" encoding="utf-8"?>
<!--
  ! CDDL HEADER START
  !
  ! The contents of this file are subject to the terms of the
  ! Common Development and Distribution License, Version 1.0 only
  ! (the "License").  You may not use this file except in compliance
  ! with the License.
  !
  ! You can obtain a copy of the license at
  ! trunk/opends/resource/legal-notices/OpenDS.LICENSE
  ! or https://OpenDS.dev.java.net/OpenDS.LICENSE.
  ! See the License for the specific language governing permissions
  ! and limitations under the License.
  !
  ! When distributing Covered Code, include this CDDL HEADER in each
  ! file and include the License file at
  ! trunk/opends/resource/legal-notices/OpenDS.LICENSE.  If applicable,
  ! add the following below this CDDL HEADER, with the fields enclosed
  ! by brackets "[]" replaced with your own identifying information:
  !      Portions Copyright [yyyy] [name of copyright owner]
  !
  ! CDDL HEADER END
  !
  !
  !      Copyright 2007-2008 Sun Microsystems, Inc.
  !      Portions Copyright 2011 ForgeRock AS
  ! -->
<adm:managed-object name="replication-synchronization-provider"
  plural-name="replication-synchronization-providers"
  package="org.opends.server.admin.std"
  extends="synchronization-provider"
  xmlns:adm="http://www.opends.org/admin"
  xmlns:ldap="http://www.opends.org/admin-ldap"
  xmlns:cli="http://www.opends.org/admin-cli">
  <adm:synopsis>
    The
    <adm:user-friendly-name />
    provides multi-master replication of data across multiple
    directory server instances.
  </adm:synopsis>
  <adm:profile name="ldap">
    <ldap:object-class>
      <ldap:name>ds-cfg-replication-synchronization-provider</ldap:name>
      <ldap:superior>ds-cfg-synchronization-provider</ldap:superior>
    </ldap:object-class>
  </adm:profile>
  <adm:relation name="replication-domain">
    <adm:one-to-many />
    <adm:profile name="ldap">
      <ldap:rdn-sequence>cn=domains</ldap:rdn-sequence>
    </adm:profile>
    <adm:profile name="cli">
      <cli:relation>
        <cli:default-property name="server-id" />
        <cli:default-property name="replication-server" />
        <cli:default-property name="base-dn" />
      </cli:relation>
    </adm:profile>
  </adm:relation>
  <adm:relation name="replication-server">
    <adm:one-to-zero-or-one />
    <adm:profile name="ldap">
      <ldap:rdn-sequence>cn=replication server</ldap:rdn-sequence>
    </adm:profile>
    <adm:profile name="cli">
      <cli:relation>
        <cli:default-property name="replication-server-id" />
        <cli:default-property name="replication-port" />
        <cli:default-property name="replication-server" />
      </cli:relation>
    </adm:profile>
  </adm:relation>
  <adm:property-override name="java-class" advanced="true">
    <adm:default-behavior>
      <adm:defined>
        <adm:value>
          org.opends.server.replication.plugin.MultimasterReplication
        </adm:value>
      </adm:defined>
    </adm:default-behavior>
  </adm:property-override>
  <adm:property name="num-update-replay-threads" mandatory="false" read-only="false" advanced="true">
    <adm:synopsis>
      Specifies the number of update replay threads. 
    </adm:synopsis>
    <adm:description>
      This value is the number of threads created for replaying every updates
      received for all the replication domains.
    </adm:description>
    <adm:default-behavior>
      <adm:defined>
        <adm:value>
          10
        </adm:value>
      </adm:defined>
    </adm:default-behavior>
    <adm:syntax>
      <adm:integer lower-limit="1" upper-limit="65535"></adm:integer>
    </adm:syntax>
    <adm:profile name="ldap">
      <ldap:attribute>
        <ldap:name>ds-cfg-num-update-replay-threads</ldap:name>
      </ldap:attribute>
    </adm:profile>
  </adm:property>

  <adm:property name="connection-timeout" advanced="true">
    <adm:synopsis>
      Specifies the timeout used when connecting to peers and when performing
      SSL negotiation.
    </adm:synopsis>
    <adm:default-behavior>
      <adm:defined>
        <adm:value>5 seconds</adm:value>
      </adm:defined>
    </adm:default-behavior>
    <adm:syntax>
      <adm:duration base-unit="ms" lower-limit="0" />
    </adm:syntax>
    <adm:profile name="ldap">
      <ldap:attribute>
        <ldap:name>ds-cfg-connection-timeout</ldap:name>
      </ldap:attribute>
    </adm:profile>
  </adm:property>
</adm:managed-object>
