<?xml version="1.0" encoding="UTF-8"?>
<!--
  ! CDDL HEADER START
  !
  ! The contents of this file are subject to the terms of the
  ! Common Development and Distribution License, Version 1.0 only
  ! (the "License").  You may not use this file except in compliance
  ! with the License.
  !
  ! You can obtain a copy of the license at
  ! trunk/opends/resource/legal-notices/OpenDS.LICENSE
  ! or https://OpenDS.dev.java.net/OpenDS.LICENSE.
  ! See the License for the specific language governing permissions
  ! and limitations under the License.
  !
  ! When distributing Covered Code, include this CDDL HEADER in each
  ! file and include the License file at
  ! trunk/opends/resource/legal-notices/OpenDS.LICENSE.  If applicable,
  ! add the following below this CDDL HEADER, with the fields enclosed
  ! by brackets "[]" replaced with your own identifying information:
  !      Portions Copyright [yyyy] [name of copyright owner]
  !
  ! CDDL HEADER END
  !
  !
  !      Copyright 2007-2008 Sun Microsystems, Inc.
  !      Portions Copyright 2011 ForgeRock AS
  ! -->
<adm:managed-object name="root-dse-backend"
  plural-name="root-dse-backends" package="org.opends.server.admin.std"
  advanced="true" xmlns:adm="http://www.opends.org/admin"
  xmlns:ldap="http://www.opends.org/admin-ldap">
  <adm:synopsis>
    The
    <adm:user-friendly-name />
    contains the directory server root DSE.
  </adm:synopsis>
  <adm:description>
    This is a special meta-backend that dynamically generates the
    root DSE entry for base-level searches and simply redirects to
    other backends for operations in other scopes.
  </adm:description>
  <adm:tag name="core-server" />
  <adm:tag name="database" />
  <adm:profile name="ldap">
    <ldap:object-class>
      <ldap:name>ds-cfg-root-dse-backend</ldap:name>
      <ldap:superior>top</ldap:superior>
    </ldap:object-class>
  </adm:profile>
  <adm:property name="subordinate-base-dn" multi-valued="true">
    <adm:synopsis>
      Specifies the set of base DNs used for singleLevel,
      wholeSubtree, and subordinateSubtree searches based at the root
      DSE.
    </adm:synopsis>
    <adm:default-behavior>
      <adm:alias>
        <adm:synopsis>
          The set of all user-defined suffixes is used.
        </adm:synopsis>
      </adm:alias>
    </adm:default-behavior>
    <adm:syntax>
      <adm:dn />
    </adm:syntax>
    <adm:profile name="ldap">
      <ldap:attribute>
        <ldap:name>ds-cfg-subordinate-base-dn</ldap:name>
      </ldap:attribute>
    </adm:profile>
  </adm:property>
  <adm:property name="show-all-attributes" mandatory="true">
    <adm:synopsis>
      Indicates whether all attributes in the root DSE are to be treated
      like user attributes (and therefore returned to clients by
      default) regardless of the directory server schema configuration.
    </adm:synopsis>
    <adm:syntax>
      <adm:boolean />
    </adm:syntax>
    <adm:profile name="ldap">
      <ldap:attribute>
        <ldap:name>ds-cfg-show-all-attributes</ldap:name>
      </ldap:attribute>
    </adm:profile>
  </adm:property>
</adm:managed-object>
