<?xml version="1.0" encoding="UTF-8"?>
<!--
  ! CDDL HEADER START
  !
  ! The contents of this file are subject to the terms of the
  ! Common Development and Distribution License, Version 1.0 only
  ! (the "License").  You may not use this file except in compliance
  ! with the License.
  !
  ! You can obtain a copy of the license at
  ! trunk/opends/resource/legal-notices/OpenDS.LICENSE
  ! or https://OpenDS.dev.java.net/OpenDS.LICENSE.
  ! See the License for the specific language governing permissions
  ! and limitations under the License.
  !
  ! When distributing Covered Code, include this CDDL HEADER in each
  ! file and include the License file at
  ! trunk/opends/resource/legal-notices/OpenDS.LICENSE.  If applicable,
  ! add the following below this CDDL HEADER, with the fields enclosed
  ! by brackets "[]" replaced with your own identifying information:
  !      Portions Copyright [yyyy] [name of copyright owner]
  !
  ! CDDL HEADER END
  !
  !
  !      Copyright 2007-2008 Sun Microsystems, Inc.
  !      Portions Copyright 2011 ForgeRock AS
  ! -->
<adm:managed-object name="unique-attribute-plugin"
  plural-name="unique-attribute-plugins"
  package="org.opends.server.admin.std" extends="plugin"
  xmlns:adm="http://www.opends.org/admin"
  xmlns:ldap="http://www.opends.org/admin-ldap">
  <adm:synopsis>
    The
    <adm:user-friendly-name />
    enforces constraints on the value of an attribute within a
    portion of the directory.
  </adm:synopsis>
  <adm:description>
    The values for each attribute must be unique within each base DN
    specified in the plugin's base-dn property or within all of the
    server's public naming contexts if no base DNs were specified.
  </adm:description>
  <adm:profile name="ldap">
    <ldap:object-class>
      <ldap:name>ds-cfg-unique-attribute-plugin</ldap:name>
      <ldap:superior>ds-cfg-plugin</ldap:superior>
    </ldap:object-class>
  </adm:profile>
  <adm:property-override name="java-class" advanced="true">
    <adm:default-behavior>
      <adm:defined>
        <adm:value>
          org.opends.server.plugins.UniqueAttributePlugin
        </adm:value>
      </adm:defined>
    </adm:default-behavior>
  </adm:property-override>
  <adm:property-override name="plugin-type" advanced="true">
    <adm:default-behavior>
      <adm:defined>
        <adm:value>preoperationadd</adm:value>
        <adm:value>preoperationmodify</adm:value>
        <adm:value>preoperationmodifydn</adm:value>
        <adm:value>postoperationadd</adm:value>
        <adm:value>postoperationmodify</adm:value>
        <adm:value>postoperationmodifydn</adm:value>
        <adm:value>postsynchronizationadd</adm:value>
        <adm:value>postsynchronizationmodify</adm:value>
        <adm:value>postsynchronizationmodifydn</adm:value>
      </adm:defined>
    </adm:default-behavior>
  </adm:property-override>
  <adm:property name="type" mandatory="true" multi-valued="true">
    <adm:synopsis>
      Specifies the type of attributes to check for value uniqueness.
    </adm:synopsis>
    <adm:syntax>
      <adm:attribute-type />
    </adm:syntax>
    <adm:profile name="ldap">
      <ldap:attribute>
        <ldap:name>ds-cfg-type</ldap:name>
      </ldap:attribute>
    </adm:profile>
  </adm:property>
  <adm:property name="base-dn" multi-valued="true">
    <adm:synopsis>
      Specifies a base DN within which the attribute must be unique.
    </adm:synopsis>
    <adm:default-behavior>
      <adm:alias>
        <adm:synopsis>
          The plug-in uses the server's public naming contexts in the
          searches.
        </adm:synopsis>
      </adm:alias>
    </adm:default-behavior>
    <adm:syntax>
      <adm:dn />
    </adm:syntax>
    <adm:profile name="ldap">
      <ldap:attribute>
        <ldap:name>ds-cfg-base-dn</ldap:name>
      </ldap:attribute>
    </adm:profile>
  </adm:property>
</adm:managed-object>
