<?xml version="1.0" encoding="utf-8"?>
<!--
  ! CDDL HEADER START
  !
  ! The contents of this file are subject to the terms of the
  ! Common Development and Distribution License, Version 1.0 only
  ! (the "License").  You may not use this file except in compliance
  ! with the License.
  !
  ! You can obtain a copy of the license at
  ! trunk/opends/resource/legal-notices/OpenDS.LICENSE
  ! or https://OpenDS.dev.java.net/OpenDS.LICENSE.
  ! See the License for the specific language governing permissions
  ! and limitations under the License.
  !
  ! When distributing Covered Code, include this CDDL HEADER in each
  ! file and include the License file at
  ! trunk/opends/resource/legal-notices/OpenDS.LICENSE.  If applicable,
  ! add the following below this CDDL HEADER, with the fields enclosed
  ! by brackets "[]" replaced with your own identifying information:
  !      Portions Copyright [yyyy] [name of copyright owner]
  !
  ! CDDL HEADER END
  !
  !
  !      Copyright 2007-2010 Sun Microsystems, Inc.
  ! -->
<adm:managed-object name="work-queue" plural-name="work-queues"
  package="org.opends.server.admin.std"
  xmlns:adm="http://www.opends.org/admin"
  xmlns:ldap="http://www.opends.org/admin-ldap"
  xmlns:cli="http://www.opends.org/admin-cli">
  <adm:synopsis>
    The
    <adm:user-friendly-name />
    provides the configuration for the server work queue and
    is responsible for ensuring that requests received from clients are
    processed in a timely manner.
  </adm:synopsis>
  <adm:description>
    Only a single work queue can be defined in the server.
    Whenever a connection handler receives a client request, it should
    place the request in the work queue to be processed
    appropriately.
  </adm:description>
  <adm:tag name="core-server" />
  <adm:profile name="ldap">
    <ldap:object-class>
      <ldap:name>ds-cfg-work-queue</ldap:name>
      <ldap:superior>top</ldap:superior>
    </ldap:object-class>
  </adm:profile>
  <adm:profile name="cli">
    <cli:managed-object custom="true" />
  </adm:profile>
  <adm:property name="java-class" mandatory="true">
    <adm:synopsis>
      Specifies the fully-qualified name of the Java class that provides the
      <adm:user-friendly-name />
      implementation.
    </adm:synopsis>
    <adm:requires-admin-action>
      <adm:server-restart />
    </adm:requires-admin-action>
    <adm:syntax>
      <adm:java-class>
        <adm:instance-of>
          org.opends.server.api.WorkQueue
        </adm:instance-of>
      </adm:java-class>
    </adm:syntax>
    <adm:profile name="ldap">
      <ldap:attribute>
        <ldap:name>ds-cfg-java-class</ldap:name>
      </ldap:attribute>
    </adm:profile>
  </adm:property>
</adm:managed-object>
